mc	mn	quarterbeats	quarterbeats_all_endings	duration_qb	mc_onset	mn_onset	timesig	staff	voice	duration	nominal_duration	scalar	tied	tpc	midi	name	octave	chord_id
1	0	0	0	1.0	0	1/2	3/4	1	1	1/4	1/4	1		0	72	C5	5	0
1	0	0	0	1.0	0	1/2	3/4	1	1	1/4	1/4	1		0	84	C6	6	0
2	1	1	1	1.0	0	0	3/4	2	1	1/4	1/4	1		-5	49	Db3	3	4
2	1	1	1	1.0	0	0	3/4	1	1	1/4	1/4	1		0	72	C5	5	1
2	1	1	1	1.0	0	0	3/4	1	1	1/4	1/4	1		0	84	C6	6	1
2	1	2	2	1.0	1/4	1/4	3/4	2	1	1/4	1/4	1		-5	61	Db4	4	5
2	1	2	2	1.0	1/4	1/4	3/4	2	1	1/4	1/4	1		-1	65	F4	4	5
2	1	2	2	1.0	1/4	1/4	3/4	1	1	1/4	1/4	1		-1	77	F5	5	2
2	1	3	3	1.0	1/2	1/2	3/4	2	1	1/4	1/4	1		-5	61	Db4	4	6
2	1	3	3	1.0	1/2	1/2	3/4	2	1	1/4	1/4	1		-1	65	F4	4	6
2	1	3	3	1.0	1/2	1/2	3/4	1	1	1/4	1/4	1		-1	77	F5	5	3
3	2	4	4	1.0	0	0	3/4	2	1	1/4	1/4	1		-5	49	Db3	3	11
3	2	4	4	1.5	0	0	3/4	1	1	3/8	1/4	3/2		-1	77	F5	5	7
3	2	5	5	1.0	1/4	1/4	3/4	2	1	1/4	1/4	1		-5	61	Db4	4	12
3	2	5	5	1.0	1/4	1/4	3/4	2	1	1/4	1/4	1		-1	65	F4	4	12
3	2	11/2	11/2	0.5	3/8	3/8	3/4	1	1	1/8	1/8	1		1	79	G5	5	8
3	2	6	6	1.0	1/2	1/2	3/4	2	1	1/4	1/4	1		-5	61	Db4	4	13
3	2	6	6	1.0	1/2	1/2	3/4	2	1	1/4	1/4	1		-1	65	F4	4	13
3	2	6	6	0.5	1/2	1/2	3/4	1	1	1/8	1/8	1		-4	80	Ab5	5	9
3	2	13/2	13/2	0.5	5/8	5/8	3/4	1	1	1/8	1/8	1		-2	82	Bb5	5	10
4	3	7	7	1.0	0	0	3/4	2	1	1/4	1/4	1		-3	51	Eb3	3	17
4	3	7	7	1.0	0	0	3/4	1	1	1/4	1/4	1		-2	70	Bb4	4	14
4	3	7	7	1.0	0	0	3/4	1	1	1/4	1/4	1		-2	82	Bb5	5	14
4	3	8	8	1.0	1/4	1/4	3/4	2	1	1/4	1/4	1		0	60	C4	4	18
4	3	8	8	1.0	1/4	1/4	3/4	2	1	1/4	1/4	1		-3	63	Eb4	4	18
4	3	8	8	1.0	1/4	1/4	3/4	1	1	1/4	1/4	1		-3	75	Eb5	5	15
4	3	9	9	1.0	1/2	1/2	3/4	2	1	1/4	1/4	1		0	60	C4	4	19
4	3	9	9	1.0	1/2	1/2	3/4	2	1	1/4	1/4	1		-3	63	Eb4	4	19
4	3	9	9	1.0	1/2	1/2	3/4	1	1	1/4	1/4	1		-3	75	Eb5	5	16
5	4	10	10	1.0	0	0	3/4	2	1	1/4	1/4	1		-3	51	Eb3	3	24
5	4	10	10	1.5	0	0	3/4	1	1	3/8	1/4	3/2		-3	75	Eb5	5	20
5	4	11	11	1.0	1/4	1/4	3/4	2	1	1/4	1/4	1		0	60	C4	4	25
5	4	11	11	1.0	1/4	1/4	3/4	2	1	1/4	1/4	1		-3	63	Eb4	4	25
5	4	23/2	23/2	0.5	3/8	3/8	3/4	1	1	1/8	1/8	1		-1	77	F5	5	21
5	4	12	12	1.0	1/2	1/2	3/4	2	1	1/4	1/4	1		0	60	C4	4	26
5	4	12	12	1.0	1/2	1/2	3/4	2	1	1/4	1/4	1		-3	63	Eb4	4	26
5	4	12	12	0.5	1/2	1/2	3/4	1	1	1/8	1/8	1		1	79	G5	5	22
5	4	25/2	25/2	0.5	5/8	5/8	3/4	1	1	1/8	1/8	1		-4	80	Ab5	5	23
6	5	13	13	1.0	0	0	3/4	2	1	1/4	1/4	1		-3	51	Eb3	3	30
6	5	13	13	1.0	0	0	3/4	1	1	1/4	1/4	1		-4	68	Ab4	4	27
6	5	13	13	1.0	0	0	3/4	1	1	1/4	1/4	1		-4	80	Ab5	5	27
6	5	14	14	1.0	1/4	1/4	3/4	2	1	1/4	1/4	1		-2	58	Bb3	3	31
6	5	14	14	1.0	1/4	1/4	3/4	2	1	1/4	1/4	1		-5	61	Db4	4	31
6	5	14	14	1.0	1/4	1/4	3/4	2	1	1/4	1/4	1		-3	63	Eb4	4	31
6	5	14	14	1.0	1/4	1/4	3/4	1	1	1/4	1/4	1		1	67	G4	4	28
6	5	14	14	1.0	1/4	1/4	3/4	1	1	1/4	1/4	1		1	79	G5	5	28
6	5	15	15	1.0	1/2	1/2	3/4	2	1	1/4	1/4	1		-2	58	Bb3	3	32
6	5	15	15	1.0	1/2	1/2	3/4	2	1	1/4	1/4	1		-5	61	Db4	4	32
6	5	15	15	1.0	1/2	1/2	3/4	2	1	1/4	1/4	1		-3	63	Eb4	4	32
6	5	15	15	1.0	1/2	1/2	3/4	1	1	1/4	1/4	1		1	67	G4	4	29
6	5	15	15	1.0	1/2	1/2	3/4	1	1	1/4	1/4	1		1	79	G5	5	29
7	6	16	16	1.0	0	0	3/4	2	1	1/4	1/4	1		-3	51	Eb3	3	37
7	6	16	16	1.5	0	0	3/4	1	1	3/8	1/4	3/2		-2	70	Bb4	4	33
7	6	16	16	1.5	0	0	3/4	1	1	3/8	1/4	3/2		-2	82	Bb5	5	33
7	6	17	17	1.0	1/4	1/4	3/4	2	1	1/4	1/4	1		-4	56	Ab3	3	38
7	6	17	17	1.0	1/4	1/4	3/4	2	1	1/4	1/4	1		0	60	C4	4	38
7	6	17	17	1.0	1/4	1/4	3/4	2	1	1/4	1/4	1		-3	63	Eb4	4	38
7	6	35/2	35/2	0.5	3/8	3/8	3/4	1	1	1/8	1/8	1		-4	80	Ab5	5	34
7	6	18	18	1.0	1/2	1/2	3/4	2	1	1/4	1/4	1		-4	56	Ab3	3	39
7	6	18	18	1.0	1/2	1/2	3/4	2	1	1/4	1/4	1		0	60	C4	4	39
7	6	18	18	1.0	1/2	1/2	3/4	2	1	1/4	1/4	1		-3	63	Eb4	4	39
7	6	18	18	0.5	1/2	1/2	3/4	1	1	1/8	1/8	1		1	79	G5	5	35
7	6	37/2	37/2	0.5	5/8	5/8	3/4	1	1	1/8	1/8	1		-1	77	F5	5	36
8	7	19	19	1.0	0	0	3/4	2	1	1/4	1/4	1		-3	51	Eb3	3	44
8	7	19	19	1.5	0	0	3/4	1	1	3/8	1/4	3/2		1	67	G4	4	40
8	7	19	19	1.5	0	0	3/4	1	1	3/8	1/4	3/2		-3	75	Eb5	5	40
8	7	20	20	1.0	1/4	1/4	3/4	2	1	1/4	1/4	1		-2	58	Bb3	3	45
8	7	20	20	1.0	1/4	1/4	3/4	2	1	1/4	1/4	1		-5	61	Db4	4	45
8	7	20	20	1.0	1/4	1/4	3/4	2	1	1/4	1/4	1		-3	63	Eb4	4	45
8	7	41/2	41/2	0.5	3/8	3/8	3/4	1	1	1/8	1/8	1		-5	73	Db5	5	41
8	7	21	21	1.0	1/2	1/2	3/4	2	1	1/4	1/4	1		-2	58	Bb3	3	46
8	7	21	21	1.0	1/2	1/2	3/4	2	1	1/4	1/4	1		-5	61	Db4	4	46
8	7	21	21	1.0	1/2	1/2	3/4	2	1	1/4	1/4	1		-3	63	Eb4	4	46
8	7	21	21	0.5	1/2	1/2	3/4	1	1	1/8	1/8	1		0	72	C5	5	42
8	7	43/2	43/2	0.5	5/8	5/8	3/4	1	1	1/8	1/8	1		-2	70	Bb4	4	43
9	8	22	22	1.0	0	0	3/4	2	1	1/4	1/4	1		-4	44	Ab2	2	48
9	8	22	22	1.0	0	0	3/4	1	1	1/4	1/4	1		-4	68	Ab4	4	47
9	8	23	23	1.0	1/4	1/4	3/4	2	1	1/4	1/4	1		-4	56	Ab3	3	49
9	8	23	23	1.0	1/4	1/4	3/4	2	1	1/4	1/4	1		0	60	C4	4	49
10	8	24	24	1.0	0	1/2	3/4	1	1	1/4	1/4	1		-1	77	F5	5	50
11	9	25	25	1.0	0	0	3/4	2	1	1/4	1/4	1		-1	53	F3	3	54
11	9	25	25	1.0	0	0	3/4	1	1	1/4	1/4	1		-1	77	F5	5	51
11	9	26	26	1.0	1/4	1/4	3/4	2	1	1/4	1/4	1		0	60	C4	4	55
11	9	26	26	1.0	1/4	1/4	3/4	2	1	1/4	1/4	1		-3	63	Eb4	4	55
11	9	26	26	1.0	1/4	1/4	3/4	2	1	1/4	1/4	1		-1	65	F4	4	55
11	9	26	26	1.0	1/4	1/4	3/4	1	1	1/4	1/4	1		3	69	A4	4	52
11	9	27	27	1.0	1/2	1/2	3/4	2	1	1/4	1/4	1		0	60	C4	4	56
11	9	27	27	1.0	1/2	1/2	3/4	2	1	1/4	1/4	1		-3	63	Eb4	4	56
11	9	27	27	1.0	1/2	1/2	3/4	2	1	1/4	1/4	1		-1	65	F4	4	56
11	9	27	27	1.0	1/2	1/2	3/4	1	1	1/4	1/4	1		3	69	A4	4	53
12	10	28	28	1.0	0	0	3/4	2	1	1/4	1/4	1		-2	58	Bb3	3	61
12	10	28	28	1.0	0	0	3/4	1	1	1/4	1/4	1		-3	75	Eb5	5	57
12	10	28	28	1.0	0	0	3/4	1	1	1/4	1/4	1		-6	78	Gb5	5	57
12	10	29	29	1.0	1/4	1/4	3/4	2	1	1/4	1/4	1		-5	61	Db4	4	62
12	10	29	29	1.0	1/4	1/4	3/4	2	1	1/4	1/4	1		-1	65	F4	4	62
12	10	29	29	0.5	1/4	1/4	3/4	1	1	1/8	1/8	1		-5	73	Db5	5	58
12	10	29	29	0.5	1/4	1/4	3/4	1	1	1/8	1/8	1		-1	77	F5	5	58
12	10	59/2	59/2	0.5	3/8	3/8	3/4	1	1	1/8	1/8	1		0	72	C5	5	59
12	10	59/2	59/2	0.5	3/8	3/8	3/4	1	1	1/8	1/8	1		-3	75	Eb5	5	59
12	10	30	30	1.0	1/2	1/2	3/4	2	1	1/4	1/4	1		-5	61	Db4	4	63
12	10	30	30	1.0	1/2	1/2	3/4	2	1	1/4	1/4	1		-1	65	F4	4	63
12	10	30	30	0.5	1/2	1/2	3/4	1	1	1/8	1/8	1		-2	70	Bb4	4	60
12	10	30	30	0.5	1/2	1/2	3/4	1	1	1/8	1/8	1		-5	73	Db5	5	60
13	11	31	31	1.0	0	0	3/4	2	1	1/4	1/4	1		-3	51	Eb3	3	67
13	11	31	31	1.0	0	0	3/4	1	1	1/4	1/4	1		-3	75	Eb5	5	64
13	11	32	32	1.0	1/4	1/4	3/4	2	1	1/4	1/4	1		-2	58	Bb3	3	68
13	11	32	32	1.0	1/4	1/4	3/4	2	1	1/4	1/4	1		-5	61	Db4	4	68
13	11	32	32	1.0	1/4	1/4	3/4	2	1	1/4	1/4	1		-3	63	Eb4	4	68
13	11	32	32	1.0	1/4	1/4	3/4	1	1	1/4	1/4	1		1	67	G4	4	65
13	11	33	33	1.0	1/2	1/2	3/4	2	1	1/4	1/4	1		-2	58	Bb3	3	69
13	11	33	33	1.0	1/2	1/2	3/4	2	1	1/4	1/4	1		-5	61	Db4	4	69
13	11	33	33	1.0	1/2	1/2	3/4	2	1	1/4	1/4	1		-3	63	Eb4	4	69
13	11	33	33	1.0	1/2	1/2	3/4	1	1	1/4	1/4	1		1	67	G4	4	66
14	12	34	34	1.0	0	0	3/4	2	1	1/4	1/4	1		-4	56	Ab3	3	74
14	12	34	34	1.0	0	0	3/4	1	1	1/4	1/4	1		-5	73	Db5	5	70
14	12	34	34	1.0	0	0	3/4	1	1	1/4	1/4	1		-1	77	F5	5	70
14	12	35	35	1.0	1/4	1/4	3/4	2	1	1/4	1/4	1		0	60	C4	4	75
14	12	35	35	1.0	1/4	1/4	3/4	2	1	1/4	1/4	1		-3	63	Eb4	4	75
14	12	35	35	0.5	1/4	1/4	3/4	1	1	1/8	1/8	1		0	72	C5	5	71
14	12	35	35	0.5	1/4	1/4	3/4	1	1	1/8	1/8	1		-3	75	Eb5	5	71
14	12	71/2	71/2	0.5	3/8	3/8	3/4	1	1	1/8	1/8	1		-2	70	Bb4	4	72
14	12	71/2	71/2	0.5	3/8	3/8	3/4	1	1	1/8	1/8	1		-5	73	Db5	5	72
14	12	36	36	1.0	1/2	1/2	3/4	2	1	1/4	1/4	1		0	60	C4	4	76
14	12	36	36	1.0	1/2	1/2	3/4	2	1	1/4	1/4	1		-3	63	Eb4	4	76
14	12	36	36	0.5	1/2	1/2	3/4	1	1	1/8	1/8	1		-4	68	Ab4	4	73
14	12	36	36	0.5	1/2	1/2	3/4	1	1	1/8	1/8	1		0	72	C5	5	73
15	13	37	37	1.0	0	0	3/4	2	1	1/4	1/4	1		-5	49	Db3	3	82
15	13	37	37	1.0	0	0	3/4	1	1	1/4	1/4	1		0	72	C5	5	77
15	13	37	37	1.0	0	0	3/4	1	1	1/4	1/4	1		0	84	C6	6	77
15	13	38	38	1.0	1/4	1/4	3/4	2	1	1/4	1/4	1		-5	61	Db4	4	83
15	13	38	38	1.0	1/4	1/4	3/4	2	1	1/4	1/4	1		-1	65	F4	4	83
15	13	38	38	0.5	1/4	1/4	3/4	1	1	1/8	1/8	1		-1	77	F5	5	78
15	13	77/2	77/2	0.5	3/8	3/8	3/4	1	1	1/8	1/8	1		1	79	G5	5	79
15	13	39	39	1.0	1/2	1/2	3/4	2	1	1/4	1/4	1		-5	61	Db4	4	84
15	13	39	39	1.0	1/2	1/2	3/4	2	1	1/4	1/4	1		-1	65	F4	4	84
15	13	39	39	0.5	1/2	1/2	3/4	1	1	1/8	1/8	1		-4	80	Ab5	5	80
15	13	79/2	79/2	0.5	5/8	5/8	3/4	1	1	1/8	1/8	1		-2	82	Bb5	5	81
16	14	40	40	1.0	0	0	3/4	2	1	1/4	1/4	1		-3	51	Eb3	3	89
16	14	40	40	1.5	0	0	3/4	1	1	3/8	1/4	3/2		-2	70	Bb4	4	85
16	14	40	40	1.5	0	0	3/4	1	1	3/8	1/4	3/2		-2	82	Bb5	5	85
16	14	41	41	1.0	1/4	1/4	3/4	2	1	1/4	1/4	1		0	60	C4	4	90
16	14	41	41	1.0	1/4	1/4	3/4	2	1	1/4	1/4	1		-3	63	Eb4	4	90
16	14	83/2	83/2	0.5	3/8	3/8	3/4	1	1	1/8	1/8	1		-4	80	Ab5	5	86
16	14	42	42	1.0	1/2	1/2	3/4	2	1	1/4	1/4	1		0	60	C4	4	91
16	14	42	42	1.0	1/2	1/2	3/4	2	1	1/4	1/4	1		-3	63	Eb4	4	91
16	14	42	42	0.5	1/2	1/2	3/4	1	1	1/8	1/8	1		1	79	G5	5	87
16	14	85/2	85/2	0.5	5/8	5/8	3/4	1	1	1/8	1/8	1		-1	77	F5	5	88
17	15	43	43	1.0	0	0	3/4	2	1	1/4	1/4	1		-3	51	Eb3	3	96
17	15	43	43	1.5	0	0	3/4	1	1	3/8	1/4	3/2		1	67	G4	4	92
17	15	43	43	1.5	0	0	3/4	1	1	3/8	1/4	3/2		-3	75	Eb5	5	92
17	15	44	44	1.0	1/4	1/4	3/4	2	1	1/4	1/4	1		-2	58	Bb3	3	97
17	15	44	44	1.0	1/4	1/4	3/4	2	1	1/4	1/4	1		-5	61	Db4	4	97
17	15	44	44	1.0	1/4	1/4	3/4	2	1	1/4	1/4	1		-3	63	Eb4	4	97
17	15	89/2	89/2	0.5	3/8	3/8	3/4	1	1	1/8	1/8	1		-5	73	Db5	5	93
17	15	45	45	1.0	1/2	1/2	3/4	2	1	1/4	1/4	1		-2	58	Bb3	3	98
17	15	45	45	1.0	1/2	1/2	3/4	2	1	1/4	1/4	1		-5	61	Db4	4	98
17	15	45	45	1.0	1/2	1/2	3/4	2	1	1/4	1/4	1		-3	63	Eb4	4	98
17	15	45	45	0.5	1/2	1/2	3/4	1	1	1/8	1/8	1		0	72	C5	5	94
17	15	91/2	91/2	0.5	5/8	5/8	3/4	1	1	1/8	1/8	1		-2	70	Bb4	4	95
18	16	46	46	1.0	0	0	3/4	2	1	1/4	1/4	1		-4	44	Ab2	2	100
18	16	46	46	1.0	0	0	3/4	1	1	1/4	1/4	1		-4	68	Ab4	4	99
18	16	47	47	1.0	1/4	1/4	3/4	2	1	1/4	1/4	1		-4	56	Ab3	3	101
18	16	47	47	1.0	1/4	1/4	3/4	2	1	1/4	1/4	1		0	60	C4	4	101
18	16	47	47	1.0	1/4	1/4	3/4	2	1	1/4	1/4	1		-3	63	Eb4	4	101
